show_id,movie_cast,release_date,director,rating
1,Corey Barr,2005,Joan Mcpherson,PG-13
2,Elizabeth Lee,1994,David Daniels,R
3,Stephanie Greene,1990,Jeffery Alexander,R
4,Mrs. Diana Smith,1994,Joshua Murphy,U
5,Dennis Mcdonald,1999,Cathy Key,PG-16
6,Jonathan Jordan,2012,Michael Harris,A
7,Jane Wilson,1999,Michael Mcmahon,PG-13
8,Ruben Elliott,1997,Brian Henson,U
9,Emily Blackwell,2006,Christopher Barrera,U
10,Regina Edwards,2005,Danielle Lopez,A
11,Jose Ayers,1995,Todd Jones,A
12,Tina Adkins,2004,Amy Evans,A
13,Frank Oconnor,2002,Keith Foley,R
14,Amy Jordan,2004,Andrew Taylor,A
15,Dustin Rodriguez,1998,John Snyder,A
16,Casey Salinas,2002,Cindy Perez,A
17,Amanda Allen,2002,Shari Bush,A
18,Stephanie Henderson,2013,Eric Williams,R
19,Kimberly Ray,2013,Thomas Fox,R
20,Peter Estrada,2008,Emily Wallace,PG-13
21,Daniel Higgins,2004,George Fuller,A
22,Collin Martin,2006,Tamara Castaneda,PG-16
23,Brady Richardson,2002,Steven Gonzalez,PG-16
24,Linda Ramirez,2016,Christine Gomez,R
25,Sue Guerrero,2010,Amber Martinez,PG-16
26,Heidi Morris,2004,Gregory Daniel,PG-16
27,Shannon Smith,2008,Karen Rodriguez,A
28,Kelly Willis,2017,Laura Palmer,U
29,Mike Rodriguez,1993,Susan Hardy,R
30,April Thompson,1997,Leah Rodriguez,PG-16
31,Ricardo Kim,1992,Sharon Robinson,PG-13
32,Terri Tate,1997,Julie Hernandez,PG-16
33,Matthew Simmons,2015,Mark Edwards,PG-16
34,Stephanie Lopez,1997,Steven Durham,R
35,Barbara Rivera,2017,Vanessa Jones,PG-13
36,Mark Gonzalez,2008,Tamara Oliver,PG-16
37,Heather Romero,1991,Steven Munoz,PG-16
38,Amber Higgins,2000,Samantha Mcneil,A
39,Christopher Hicks,2011,Jacob Arroyo,A
40,Jeremy Duran,2017,Courtney Carroll,R
41,Connie Bruce,2015,Sara Mullins,U
42,Tammy Morrison,2017,Jose Baker,PG-13
43,Sylvia Sanchez,2007,Jason Pham,PG-13
44,Ronald Carroll,2011,Mark Berry,PG-16
45,Lisa Banks,2009,Kathleen Martinez,PG-16
46,Sarah Chang,1998,Tonya Martin,U
47,Philip Freeman,2017,Lance Knight,PG-16
48,Jacob Mckenzie,1996,Robert Snyder,PG-13
49,Michael Dunlap,1997,Elizabeth Black,PG-16
50,Tara Franklin,1993,William Kelly,U
51,Elizabeth Patel,1995,Jasmine Robertson,A
52,Patricia Patterson,1991,Adam Walker,U
53,Carlos Luna,1998,Jesse Brandt,R
54,Marcus Robinson,1992,Jared Flores,U
55,Michael Webb,2011,Megan Martin,A
56,Melissa Melendez,2008,Jennifer Atkinson,R
57,Kyle Galvan,1996,Alex Mason,PG-16
58,Justin Bridges,2006,Jennifer Hernandez,R
59,William Spencer,2002,Kelly Ortega,U
60,Lonnie Evans,2016,Robert Smith,PG-16
61,Evan Martin,1997,Amy Hunt,R
62,Kelly Brewer,2004,Brian Green,R
63,Daniel Nixon,2004,Sydney Fernandez,PG-13
64,James Lee,2001,Steven Melton,PG-13
65,Joe Kennedy,2008,Crystal Shaw,A
66,Thomas Sanchez,1993,Lynn Phillips,PG-13
67,Patrick Vasquez,2010,Emma Sanchez,R
68,Brian Zamora,1992,Matthew Nelson,PG-13
69,Jessica Flores,2013,Susan Cardenas,PG-16
70,Miranda Alvarado,2007,Gregory Baker,PG-13
71,David Hoffman,1994,Dana Webster,R
72,Carlos Bowers DDS,2014,Michelle Taylor,U
73,Marc Webb,2002,Matthew Lowe,R
74,Becky Robinson,2011,Michael Armstrong,U
75,Lisa Hill,2002,Jeffrey Hanson,A
76,Julie Blair,1998,Joshua Rodgers,PG-16
77,Carolyn Walker,2006,Jennifer Monroe,PG-13
78,Tabitha Watkins,2009,Maria Porter,A
79,Kelly Martinez,1995,Ashley Zimmerman,U
80,Peggy Henry,2015,Christopher Moore,U
81,Heather Vasquez,2006,Karen Harrington,A
82,Sara Chapman,1993,Timothy Barker,PG-13
83,Brent Hughes,2000,Jessica Howell,R
84,Brianna Hoffman,2001,Scott Franco,PG-16
85,Anthony Romero,1999,Jennifer White,A
86,John Washington,1999,Daniel Hansen,U
87,Andrew James,2007,Jill Anderson,R
88,Courtney Ballard,2005,Patrick Burns,A
89,Carrie Garrett,1996,Andres Estrada,PG-16
90,Diane Fox,2006,Kyle Conner,PG-16
91,Christina Brown,2003,Barbara Wiggins,U
92,Michael Lewis,1995,Danielle Carter,U
93,Daniel Gonzales,1999,Terri Nicholson,R
94,Susan Ball,2017,Mary Fuentes,PG-16
95,David Shepard,2005,James Lane,PG-16
96,Elizabeth Harris,2011,Jillian Mason,PG-13
97,Amy Miller,2017,Anthony Sims,A
98,Derek Oneill,1993,Bill Gutierrez,R
99,Aaron Miller,1992,Jeanne Rodriguez,PG-13
100,Stephen Vargas,2015,Thomas Bautista,PG-13
101,Donna Todd,1997,Linda Fox,U
102,Michelle Johnson,2002,William Park,PG-13
103,Virginia Frazier,2001,Brett Sanchez,A
104,Alex Mccarthy,2010,Joseph Chavez,A
105,Anthony Kirk,1998,Allison Myers,PG-16
106,Lisa Carter,2017,Kaitlyn Douglas,R
107,Robert Franklin,1991,Jordan Wilson,U
108,Tommy Sullivan,2015,Pamela Flores,U
109,Chad Townsend,2016,Kathleen Hernandez,A
110,Justin Buckley,2000,Jennifer Yu,PG-16
111,Ian Brown,1991,Michael Sanders,PG-16
112,Timothy Arroyo,2012,Frederick Jenkins,PG-16
113,Craig Newman,2015,Joshua Clayton,R
114,Brandi Barrera,2000,William Jackson,PG-16
115,Suzanne Robinson,2015,Julie Weaver,R
116,Kimberly Alvarado,2012,Jerry Bishop,PG-13
117,Kenneth Barton,2008,Courtney Le PhD,PG-16
118,Emily Edwards,1999,Katie Garcia,PG-16
119,Karen Wilson,1996,Michael Johnston,PG-16
120,Noah Flynn DDS,1996,Eric Neal,PG-16
121,Donald Cummings,2010,Carrie Adams,U
122,Kathleen Hale,2007,Katie Waters,U
123,Bradley Kline,1998,Tonya Powell,PG-13
124,Randy Hall,1990,Ashley Rodriguez,U
125,Christopher Johnson,1997,Jay Romero,PG-13
126,Hayden Young,1997,Becky Smith,A
127,Christina Jimenez,2001,Mariah Crane,U
128,Sara Nguyen,2008,Marvin King,R
129,Dawn Salazar,2012,Duane Wilkerson,U
130,Robert Watkins,2000,Courtney Bruce,U
131,Paul Hansen,2003,Daniel Thomas,A
132,Margaret Keith,2001,Noah Chase,PG-16
133,Ricardo Mendoza,2007,Roger Brown,PG-16
134,John Murphy,1990,Bethany Fox,A
135,Jennifer Vasquez,2016,Sarah Little,PG-13
136,David Sheppard,2017,Christine Morgan,R
137,Mr. Jeffrey Juarez,1991,Jeffrey Rogers,U
138,Michael Nelson,1996,Jason Wise,U
139,Ariana Johnson,2004,Alejandra Burton,R
140,Nicolas Diaz,2017,Kelly Fleming,U
141,Amy Roberts,2012,Gregory Martinez,PG-16
142,Alexander Ford,2003,John Newton,PG-16
143,Angela Allen,2011,Caleb Davidson,PG-16
144,Priscilla French,2017,Justin Cook,A
145,Patricia Garcia,1991,John Green,PG-13
146,Christine Smith MD,2000,Ronald Turner,U
147,Jordan Williams,2008,Tiffany Miller,PG-13
148,Michael Jacobs,1993,Derek Murray,PG-16
149,Alex Harris,2009,Angela Watson,PG-13
150,Robert Smith,1993,Nancy Rogers,A
151,Jerome Martin,2000,Jessica Grant,PG-16
152,Shelley Porter,2006,Christina Jackson,PG-16
153,Timothy Estrada DDS,2001,Nina Walker,PG-13
154,Carla Travis,1997,Dennis Walker,U
155,Trevor Martin,2012,Jeffery Jenkins,A
156,Jeffrey Stone,2014,Joel West,PG-16
157,Walter Jacobson,1998,Nicole Green,A
158,Carl Scott,2013,Andrea Francis,A
159,Amy Ramirez,2012,Pamela Johnson,A
160,Kelly Nixon,2004,Mark Bowen,A
161,Misty Foster,1992,Justin Harper,A
162,Francisco Lucas,1995,Adam Foster MD,A
163,Brandon Alvarez,2004,Benjamin Lewis,PG-13
164,Roberto Guzman,1995,Sarah Bullock,R
165,Brandi Garner,2016,Natalie Lloyd,PG-13
166,Lisa Kerr,1990,Justin Carpenter,U
167,Richard Mitchell,2004,Lawrence Martinez,PG-13
168,Patricia Scott,1994,Darrell Johnson,U
169,Eric Allen,1991,Claudia Wilson,A
170,Alice Potter,1992,Justin Jones,R
171,Amanda Myers,2016,Nicole Stevens,U
172,Thomas Johnston,2006,Ethan Lopez,U
173,Joseph Clark,2013,Mrs. Brittany Hale,PG-16
174,Krista Clark,2011,David Mueller,U
175,Chloe English,1991,Pamela Ross,A
176,Tracy Middleton,1991,Tyler Ruiz,U
177,Ashley Perez,1990,Angela Goodwin,PG-16
178,Raymond Miles,1994,Stacy Mason,A
179,Jessica Hernandez,2011,Janet Long,A
180,Austin Byrd,1990,Cathy Carter,PG-13
181,Shannon Duncan,2014,Tammy Morrison,PG-16
182,Ronald Bates,1998,Christopher Johnson,R
183,Angela Medina,1999,Elizabeth Maxwell,R
184,Corey Ward,1994,Philip Murray,R
185,Audrey Joyce,2000,Michael Winters,A
186,Charles Taylor,1993,Alexander Lewis,R
187,Susan Garrett,2014,Melinda Scott,R
188,Erica Brandt,2002,Kelly Marshall,PG-16
189,Brittany Ellis,2005,David Ramirez,U
190,Stephen Wright,2009,Mary Morton,PG-16
191,Amber Bishop MD,1999,Andrea Carrillo,R
192,Yolanda Baker,2015,Timothy Gonzalez,PG-16
193,Kristin Martinez,1991,Juan Todd,PG-13
194,Allison Miller,1996,Bradley Cohen,R
195,Mr. Mathew Petersen,2009,Scott Hill,PG-16
196,Carlos Vincent,1996,Teresa Smith,PG-16
197,Thomas Stanton,2017,Susan Hart,R
198,Evelyn Jones,1997,Claudia Munoz,PG-16
199,Melissa Elliott,2000,Cindy Tyler,PG-13
200,Victoria Nash MD,2006,Lisa Leblanc,PG-16
201,Hannah Torres,2000,Brenda Jones DDS,U
202,Jake Lawson,2017,Linda Johnson,A
203,Paula Williams,1991,Brooke Conner,PG-16
204,Charles Stafford,2017,John Conrad,U
205,Joseph Hayes,2016,Howard Beck,U
206,Kristin Ramirez,1993,Victoria Walker,U
207,Sarah Davis,1997,Jill Williams,PG-16
208,Daniel Gonzalez,2010,Sheila Smith,U
209,Lauren Barron,2012,Thomas Flores,A
210,Craig Finley,2010,Rachael Martinez,R
211,Vicki Flores,1991,Courtney Howell,PG-13
212,Kelly Garza,2008,Jordan Johnson,PG-16
213,Tyler Morris,2008,Susan Taylor,R
214,William Howell,1996,Amanda Curry,A
215,Amy Phillips,2008,Kathy Hughes,PG-13
216,Jake Carrillo,1994,William Brown,A
217,Kevin Stephens,2007,Donald Roth,U
218,Amanda Hayes,1997,Holly Dyer,R
219,Scott Stewart,1991,Caitlin Jones,A
220,Donald Nolan,2009,Sean White,PG-13
221,Jeremiah Gonzales,2012,Brian Chapman,PG-16
222,Leslie Peters,2000,Douglas Diaz,R
223,Marc Rivas,2003,Jenny Cooper,PG-13
224,Jessica Williams,2006,Mary Johnson,PG-16
225,Aaron Thomas,2001,Michael Williams,PG-16
226,Barbara Herrera,2003,Keith Reid,R
227,Jeanette Garcia,2003,Dawn Jensen,PG-16
228,Brandi Stanton,1990,Jonathan Stokes,R
229,Joshua Black,1995,Victoria Simon,R
230,Chelsea Turner,1996,Donald Reyes II,U
231,Amanda Ford,2014,Robert Massey,A
232,Michael Obrien,1998,Daniel Mitchell,PG-16
233,Kathleen Mckenzie,2013,Patricia Smith,PG-16
234,Danielle Garza PhD,1998,Stephen Church,PG-16
235,Matthew Savage,1998,Dominic Park,PG-16
236,Christine Davis,2001,Diane Contreras,PG-16
237,Bradley Rice PhD,2003,Gina York,PG-16
238,Michele Wu,2000,Rebecca Tran,A
239,Shelly Miller,2000,Valerie Arnold,PG-13
240,James King,2000,Patrick Rice,PG-16
241,Ronald Brooks,1992,Elaine Allen,PG-13
242,Raymond Roman,2009,Alexandra Reynolds,U
243,Lisa Kelly,1992,Veronica Nelson,A
244,Andrew Obrien,2006,Heather Wilcox,R
245,Teresa Crawford,1996,Christopher Hall,U
246,John Wright,2009,Kelly Torres,A
247,Laura Padilla,1994,Lindsay Baker,PG-16
248,Scott Johnston,2004,Linda Wells,PG-16
249,Dennis Dunn,2008,Frank Webster,R
250,Steven Cooper,2016,Henry Wells,U
251,Andrea Davis,2001,Robert Carson,R
252,Dillon Leonard,1998,Jason Green,PG-13
253,Michael Parker,2008,Matthew Jackson,R
254,Elizabeth Parrish,2000,Fred Johnston,PG-13
255,Mr. Ian Ramos,1996,Mr. Charles Graham,R
256,Regina Quinn,2004,Julie Allen,PG-13
257,Willie Snow,1999,Paul Mccarty,A
258,Danielle Schroeder,2000,Jillian Williams,PG-13
259,David May,2006,Donald Reed,PG-13
260,Kelly Wilcox,2005,Jordan Martinez,U
261,Larry Reid,1996,Timothy Hansen,U
262,Jean Brown,1995,Melanie Lee,PG-13
263,Robin Johnson,1996,Robert Harris,A
264,Zachary Carlson,2005,Matthew Scott,R
265,Sydney Martin,2009,Valerie Washington,PG-16
266,Karen Davis,1996,Hector Franklin,R
267,Alexandra Chapman,2006,Darrell Welch,U
268,Ana Smith,2017,Michael Fuentes,U
269,Caleb Wilson,1996,Susan Anderson,U
270,Michelle Singleton,2013,Tina Davis,U
271,Paul Smith,2017,Kelly Mcknight,PG-16
272,David Moody,2011,Shelley Jimenez,PG-16
273,Kevin Bolton,2008,Amy Hernandez,U
274,Timothy Parsons,1999,Joseph Miller,R
275,Alexa Walker,1996,Erin Brown,U
276,Ashlee Evans,2015,Ashley Graham,U
277,Andrew Pierce,2011,Nicole Mccullough,U
278,Janet Walker,2002,Jimmy Bradford,PG-13
279,Amber Copeland,2008,Traci Martinez,PG-13
280,Charles Norman,2010,Cody Miller,PG-13
281,Jason Morgan,2013,Elaine Copeland,PG-16
282,Robert Robinson,1995,Emily Dunlap,U
283,Jessica Vazquez,1996,Tanya Johnson,U
284,Sara Jackson,1995,Timothy Mcguire,U
285,Summer Sullivan,2003,Scott Mendez,A
286,Diane Lindsey,2009,Brian Adkins,PG-13
287,Linda Frazier,2014,Margaret Cardenas,U
288,Benjamin Mills,1992,Maria Owen,PG-13
289,Johnny Mcgee,2008,Vincent Garcia,R
290,Wanda White,1994,Edwin Castro,A
291,Brianna Golden,2015,Ruth Sutton,A
292,Christine Lewis,2013,Andrea Roy,U
293,Anthony Marshall,2016,Brittany Rose,R
294,Danielle Jones,1993,Todd Rubio,U
295,Hannah Cruz,2011,Tom Miller,U
296,Denise Watkins,1995,Yvonne Navarro,PG-13
297,Melissa Porter,2013,Emily King,U
298,Lori Mueller,2014,Jonathan Burgess,U
299,Stephen Thomas,1996,Maria Brown,PG-16
300,Jamie Smith,2004,Brittany Phillips,R
301,Teresa Rios,2016,Angela Flores,U
302,Casey Martin,2003,Mrs. Cynthia Jackson,A
303,Paul Deleon,2008,Dean Reyes,PG-16
304,Vicki Cameron,2015,Jesse Salinas,PG-16
305,Steven Hunt,1999,George Howell,A
306,Rachel Ward,1990,Amy Flores,U
307,Austin Martin,1994,Larry Jenkins,PG-16
308,Michelle Walsh,2005,Leah Sullivan,U
309,Dale Harris,2016,Joseph Smith,R
310,Scott Lee,2015,Linda Rojas,PG-16
311,Robert Acosta,2012,Gabriela Watson,A
312,Rachel Barrera,1990,Sierra Martin,U
313,Peggy Hardy,1998,Jacqueline Ortiz,PG-13
314,Christine Williams,2010,Timothy Khan,R
315,Heather Walter,1992,Ricardo Pace,U
316,William Robertson,1995,Paul Travis,PG-16
317,Kim Smith,2008,Brendan Hernandez,R
318,Lisa Hernandez,2006,Alyssa Bradley,PG-13
319,Ashley Morgan,2010,Kristopher Butler,PG-13
320,Stacy Miller,1998,Catherine Juarez,A
321,Pamela Boyer,2005,Christopher Mason,U
322,Rachel Edwards,2008,Brenda Ellis DDS,R
323,Albert Lewis PhD,2002,Jamie Castro,U
324,Sherri Rodriguez,2015,Andrew Patterson,PG-13
325,Amanda Brown,2008,Kerry Gibson,U
326,Christine Riggs,1993,Audrey Clark,PG-16
327,David Copeland,1998,Marvin Mcclain,U
328,Melissa Mcdonald,1997,Todd Parks,U
329,Andrew Webb,2013,Melissa Davis,U
330,Cheryl Salas,1994,Kevin Jackson,PG-13
331,Danny Wagner,2005,Sarah Martinez,PG-13
332,Jessica Aguilar,1998,Robert Zimmerman,A
333,Amanda Wall,2010,Tyler Rodriguez,PG-16
334,Joseph Porter,2002,Paul Rogers,PG-16
335,Russell Barry,1995,Joshua Miles,PG-16
336,Bryce Webster,2005,Jeanne George,R
337,Brendan Garcia,1995,Samantha Robinson,PG-16
338,Rebecca Smith,2000,Carla Hurst,PG-13
339,Joseph Rich,2007,Kathleen Higgins,PG-16
340,Brian Moses,1996,Garrett Patel,R
341,Bradley Moore,1991,Elizabeth Williams,PG-13
342,Timothy Williams,2011,James Horton,PG-13
343,Michael Campbell,2014,Tyler Arellano,A
344,Casey Rios,2011,Joseph Carroll,PG-16
345,Shelby Campbell,2011,Robert Carter,U
346,Eric Ortega,2016,Selena Moss,PG-16
347,Tanner Gibson,2005,Cheryl Rogers,PG-16
348,Janet Robinson,2014,Ryan Hudson,PG-16
349,Bobby Crosby,2015,Tracey Greene,U
350,Marcus Hayes,2009,Thomas Whitehead,R
351,Jeffrey Kirby,2016,Tina Landry,U
352,John Lewis,1995,Shaun Miller,U
353,Ricky Silva,2003,James Gordon,A
354,Monique Thomas,1995,William Trevino,PG-16
355,Kim Carroll,1990,Chase Quinn,U
356,Jeremy Fisher,1997,Angelica Phillips,PG-13
357,Brandon Snyder,2008,Thomas Green,A
358,Matthew Castillo,2015,Erika Ellis,PG-16
359,Nicholas Smith,1993,Lisa Rose,A
360,Rachel Martin,1992,Kyle Thompson,U
361,Katie Rodriguez,2006,Brian Whitaker,PG-16
362,Eric Wright,2001,Michael Lopez,U
363,Diane Brady,2002,Rebecca Young,PG-13
364,Margaret Weeks,1991,Michael Jones,PG-13
365,Tammy Wood,2011,Jacob Vazquez,PG-16
366,Deanna Simpson PhD,2005,Shane Perez,U
367,Tina Craig,2014,John Dean,PG-16
368,Natasha Jackson,2007,Carl Hester,A
369,Sherry Ferrell,1998,Crystal Gentry,R
370,Jennifer Mcdonald,1993,Sheila Smith,A
371,Megan Howard,1992,Jessica Santiago,PG-13
372,Hannah Brown,1999,Gilbert Pineda,A
373,Cheryl Garcia,1992,Anna West,PG-13
374,Paul Alexander,1990,Stephanie Cunningham,A
375,Manuel Davis,2000,Kyle Miller,A
376,Kristen Meyer,2012,Kevin Jones,A
377,Emily Hunter,1995,Kayla Rios,U
378,Crystal Gardner,2015,Patricia Nelson,PG-16
379,Colleen Hayes,2016,Steven Keller,A
380,Lisa Scott,2009,Michael Sandoval,R
381,Mitchell Baker,2016,Sarah Kline,A
382,Allison Molina,2013,Alisha Pierce,U
383,William Rose,2013,Erin Thomas,U
384,Dalton Howard,2004,James Gray,PG-13
385,Kellie Ball,1997,Victor Booker,R
386,Jason Leblanc,1991,Alexander King,PG-13
387,Crystal Gamble,2002,Christina Davis,A
388,Ivan Reynolds,2006,Andrew Hernandez,PG-13
389,Samantha Roberts,2007,Thomas Chapman,PG-16
390,Michael Ramos,2002,Hector Wright,R
391,Kelly Smith,2006,Larry Allen,U
392,Dawn Miller,2004,Stephen Moore,A
393,Ashley Peterson,2007,Melissa Coleman,A
394,Steven Cox,1998,Robert Suarez,R
395,Jason Townsend,2001,Carla White,PG-16
396,Debra Rodriguez,2012,Andre Williams,R
397,Walter Anderson,2015,Mr. Kyle Johnson,R
398,James Barton,2008,Michelle Fuller PhD,A
399,Laura Wallace,1997,Joseph Boyer,PG-16
400,Michaela Taylor,1996,Christopher Rowland,U
401,David Charles,2000,Molly Taylor,PG-16
402,Theresa Kerr,1993,Brent Taylor,R
403,Michael White,2001,Gary Thompson,U
404,Troy Morales,2006,Mary Marquez,PG-13
405,Edgar Newman,2010,Leah Carter,PG-16
406,Pamela Rodriguez,2016,Rebecca Fuller,A
407,Jennifer Arnold,2010,Charles Chavez,PG-16
408,Joshua Daniels,2005,Jesse Allen,A
409,Stephanie Calhoun,2010,Diana Smith,PG-16
410,Kevin Hines,2007,Brittany Barker,U
411,Joshua Ross,2007,Susan Wells,PG-16
412,Brent Nguyen,2003,Megan Shaw,PG-13
413,Dawn Carrillo,2016,Linda Ford,PG-13
414,Felicia Lee,1992,Alison Erickson,PG-13
415,Karen Strickland,1997,John Moran,R
416,Robert Williams,1994,Michael Jacobs,R
417,Michelle Buchanan,2013,Raymond Williams,U
418,Randy Harris,2014,Theresa Joseph,A
419,Dr. Michele Hines,2013,Joshua Herrera,PG-13
420,Elizabeth Robinson,2008,Carol Smith,A
421,Matthew Nixon,1990,Sabrina Estrada,PG-16
422,Natasha Johnston,1992,Mrs. Kathleen Harris,PG-16
423,Richard Clark,2000,Patricia Mahoney,R
424,Carol Keller,2007,Cindy Hall,PG-16
425,Alexis Cummings,2009,David Price,R
426,Ana Cooper,1995,Larry Carlson,PG-13
427,Thomas Griffith MD,1990,Lisa Galvan,PG-13
428,Brianna Cline,2016,Brandon Robinson,PG-13
429,Maria Farrell,1991,Mark Kaiser,PG-13
430,Laura Robbins,2006,Luis Tyler,R
431,Amy Rice,1991,Tony King,PG-16
432,Justin Fletcher,2006,Brandon Rogers,U
433,Zachary Taylor,2008,Benjamin Anderson,A
434,Patricia Reyes,2000,Mr. Christopher Howard,PG-16
435,Christopher Daniels,1992,Zachary White,A
436,Tiffany Bishop,1992,Curtis Berg,A
437,Eduardo Lawson,2001,Deborah Collins,PG-16
438,Kelsey Dennis,2003,Laura Aguilar,R
439,Cheryl Klein,1996,Paul Thompson,PG-13
440,Kimberly Thompson,2003,Jennifer Garrett,PG-13
441,Matthew Long,1997,Zachary Valdez,R
442,Julia Sutton,2012,Dylan Richards,PG-16
443,Sandra Arnold,2005,Elizabeth Liu,PG-16
444,Mrs. Kimberly Atkinson,2008,David Allen,U
445,Robert Rose,1997,Andrea May,PG-16
446,Jamie Robinson,1998,Brandi Gibbs,A
447,Zachary Butler,2015,Shawn Hickman,R
448,Krystal Fowler,2006,Amy Gonzalez,PG-13
449,James Miller,2017,James Freeman,U
450,Steven Whitehead,1997,Sherri Mann,PG-16
451,Jason Baker,1993,Angela Torres,PG-13
452,David Garrett,1994,Monique Snyder,PG-13
453,Christopher Navarro,1998,Ashley Gray,U
454,David Valencia,2014,Allison Allen,R
455,Michelle Melendez,1994,Joseph Thompson,PG-16
456,Kevin Jackson,2012,Edward Patterson,A
457,Patricia Warner,1998,Michelle Mcgee,R
458,Mark Fernandez,1999,Michael Keller,PG-13
459,Michael Decker,1999,Samantha Brown,R
460,Jennifer Scott,2013,Kyle Jones,U
461,Rachael Fletcher,1998,Nathan Barry,A
462,James Dominguez,2007,Michael Lucas,A
463,Patricia Hines,2005,Hailey Gomez,PG-13
464,Destiny Knight,2002,Sherry Gallagher,R
465,Scott Weber,1992,Andrea Barber,A
466,Stanley Stephens,1999,Cheyenne Moore,U
467,Douglas Mcclain,2001,Nicole Lee,R
468,Renee Monroe,2006,Eric Burns,PG-16
469,Christina Harris,1991,Alexis Reyes,U
470,Sarah Aguilar,2000,Laura Johnson,U
471,Julia Gray,2004,Linda Padilla,R
472,Jerry White,2017,Haley Rivera,PG-16
473,April Smith,2010,Walter Rodriguez,R
474,Charles Ayers,2011,Jerry Reed,PG-13
475,Sandra Mullins,2009,Kathleen Haley,A
476,Mitchell Flores,2014,Richard Lawrence,PG-13
477,Robert Bright,2008,Rebecca Atkinson,PG-13
478,Nancy Cain,2008,Tammy Simmons,PG-16
479,Pamela Peck,2013,Brittany Rose,R
480,Angela Mccullough,2013,Christopher Sweeney,A
481,Craig Henderson,2004,Travis Hoffman,U
482,Erika Chavez,2001,Sarah Barron,R
483,Angela Torres,2015,Stacy Lee,PG-16
484,Crystal Jackson,2009,Margaret Ferrell,A
485,Bryan Edwards,2005,Anthony Hill,U
486,Sara Moon,1999,Robert Harris,R
487,Justin Hicks,1993,Joshua Howard,PG-13
488,Jeffrey Robbins,2013,Kayla Miller,PG-13
489,Emily Golden,2009,Michael Kelley,A
490,Teresa Carney,2007,Gina Anderson,U
491,Jennifer Howard,1990,Danny Patrick DDS,A
492,Erica Mitchell,1990,Brittney Simon,PG-16
493,Anthony Mccormick,1999,Daniel Lopez,U
494,Ashley Hardy,2012,Mr. Douglas Smith,U
495,Todd Allen,2003,Dr. Andrew Jones MD,U
496,Edward Harvey,1998,Michael Dean,R
497,Ryan Gonzalez,2011,William Gilmore,PG-16
498,Tracey Garcia,1999,Candace Mcdonald,PG-16
499,Thomas Carpenter,2007,Mr. Michael Evans,R
500,Joshua Harrison,2007,Rebecca Davis,PG-16
